{"cameraMode":{"drawMode":0,"name":"Shaded","section":"Shading Mode"},"sceneLighting":false,"audioPlay":false,"sceneViewState":{"m_AlwaysRefresh":false,"showFog":true,"showSkybox":false,"showFlares":true,"showImageEffects":true,"showParticleSystems":true,"showVisualEffectGraphs":true,"m_FxEnabled":true},"in2DMode":false,"pivot":{"x":0.00001179426908493042,"y":0.006628990173339844,"z":-0.0000016689300537109376},"rotation":{"x":0.02220752276480198,"y":-0.9523864388465881,"z":0.0715632289648056,"w":0.29554522037506106},"size":1.33330500125885,"orthographic":true}