{"cameraMode":{"drawMode":0,"name":"Shaded","section":"Shading Mode"},"sceneLighting":false,"audioPlay":false,"sceneViewState":{"m_AlwaysRefresh":false,"showFog":true,"showSkybox":false,"showFlares":true,"showImageEffects":true,"showParticleSystems":true,"showVisualEffectGraphs":true,"m_FxEnabled":true},"in2DMode":false,"pivot":{"x":-6.539999961853027,"y":-0.006999999284744263,"z":-19.77199935913086},"rotation":{"x":0.026307186111807824,"y":0.22448650002479554,"z":-0.006062610074877739,"w":0.9741036891937256},"size":0.250199556350708,"orthographic":true}