{"cameraMode":{"drawMode":0,"name":"Shaded","section":"Shading Mode"},"sceneLighting":false,"audioPlay":false,"sceneViewState":{"m_AlwaysRefresh":false,"showFog":true,"showSkybox":false,"showFlares":true,"showImageEffects":true,"showParticleSystems":true,"showVisualEffectGraphs":true,"m_FxEnabled":true},"in2DMode":false,"pivot":{"x":-0.9892286658287048,"y":0.9435771107673645,"z":-26.08318328857422},"rotation":{"x":0.26201438903808596,"y":-0.5365452766418457,"z":0.17983128130435944,"w":0.7817471623420715},"size":2.2319302558898927,"orthographic":false}