{"cameraMode":{"drawMode":0,"name":"Shaded","section":"Shading Mode"},"sceneLighting":false,"audioPlay":false,"sceneViewState":{"m_AlwaysRefresh":false,"showFog":true,"showSkybox":false,"showFlares":true,"showImageEffects":true,"showParticleSystems":true,"showVisualEffectGraphs":true,"m_FxEnabled":true},"in2DMode":false,"pivot":{"x":-1.0344058275222779,"y":0.00046253204345703125,"z":-21.99579429626465},"rotation":{"x":0.43461284041404726,"y":-0.44421446323394778,"z":0.26140671968460085,"w":0.7385473251342773},"size":1.369728922843933,"orthographic":false}