{"cameraMode":{"drawMode":0,"name":"Shaded","section":"Shading Mode"},"sceneLighting":true,"audioPlay":false,"sceneViewState":{"m_AlwaysRefresh":false,"showFog":true,"showSkybox":true,"showFlares":true,"showImageEffects":true,"showParticleSystems":true,"showVisualEffectGraphs":true,"m_FxEnabled":true},"in2DMode":false,"pivot":{"x":402.1690673828125,"y":432.3313903808594,"z":-47.356529235839847},"rotation":{"x":0.16055485606193543,"y":0.4494783282279968,"z":-0.08248815685510636,"w":0.8748645782470703},"size":181.34739685058595,"orthographic":false}