{"cameraMode":{"drawMode":0,"name":"Shaded","section":"Shading Mode"},"sceneLighting":true,"audioPlay":false,"sceneViewState":{"m_AlwaysRefresh":false,"showFog":true,"showSkybox":true,"showFlares":true,"showImageEffects":true,"showParticleSystems":true,"showVisualEffectGraphs":true,"m_FxEnabled":true},"in2DMode":false,"pivot":{"x":147.55023193359376,"y":47.10896301269531,"z":21.864349365234376},"rotation":{"x":0.19817771017551423,"y":-0.004410913214087486,"z":0.0008914527134038508,"w":0.9801573157310486},"size":97.11038208007813,"orthographic":false}