{"cameraMode":{"drawMode":0,"name":"Shaded","section":"Shading Mode"},"sceneLighting":true,"audioPlay":false,"sceneViewState":{"m_AlwaysRefresh":false,"showFog":true,"showSkybox":true,"showFlares":true,"showImageEffects":true,"showParticleSystems":true,"showVisualEffectGraphs":true,"m_FxEnabled":true},"in2DMode":false,"pivot":{"x":0.7565345764160156,"y":0.23820972442626954,"z":-2.1179332733154299},"rotation":{"x":0.4075724184513092,"y":-0.4354577958583832,"z":0.23087148368358613,"w":0.768742024898529},"size":6.253195285797119,"orthographic":false}