{"cameraMode":{"drawMode":0,"name":"Shaded","section":"Shading Mode"},"sceneLighting":true,"audioPlay":false,"sceneViewState":{"m_AlwaysRefresh":false,"showFog":true,"showSkybox":true,"showFlares":true,"showImageEffects":true,"showParticleSystems":true,"showVisualEffectGraphs":true,"m_FxEnabled":true},"in2DMode":false,"pivot":{"x":-3.269456386566162,"y":1.4288511276245118,"z":-3.601909637451172},"rotation":{"x":0.3197702467441559,"y":0.00852709449827671,"z":-0.0028783453162759544,"w":0.947454035282135},"size":11.812470436096192,"orthographic":false}