{"cameraMode":{"drawMode":0,"name":"Shaded","section":"Shading Mode"},"sceneLighting":true,"audioPlay":false,"sceneViewState":{"m_AlwaysRefresh":false,"showFog":true,"showSkybox":true,"showFlares":true,"showImageEffects":true,"showParticleSystems":true,"showVisualEffectGraphs":true,"m_FxEnabled":true},"in2DMode":false,"pivot":{"x":-1.9503841400146485,"y":5.721168518066406,"z":-1.9041982889175416},"rotation":{"x":0.44294852018356326,"y":0.5292394757270813,"z":-0.38103386759757998,"w":0.6152364015579224},"size":10.587258338928223,"orthographic":false}